,,,,
Ambasa,,,,
Ameyal,,,,
Appletiser,,,,
Aquarius,,,,
Barq's,,,,
Beat,,,,
Dasani,,,,
Delaware Punch,,,,
Fanta,,,,
Dasani,,,,
Coke,,,,
Coca-Cola,,,,
Delaware Punch,,,,
Fanta,,,,
Fresca,,,,
Frescolita,,,,
Inca Kola,,,,
Lift,,,,
Lilt,,,,
Limca,,,,
Mello Yello,,,,
Moxie,,,,
Mr. Pibb,,,,
Powerade,,,,
Qoo,,,,
Sprite,,,,
Surge,,,,
Tab,,,,
AMP Energy,,,,
Duke's,,,,
Gatorade,,,,
Mirinda,,,,
Mountain Dew,,,,
Mug Root Beer,,,,
Pepsi,,,,
Sierra Mist,,,,
50/50,,,,
7 Up,,,,
A&W Cream Soda,,,,
A&W Root Beer,,,,
Barrelhead Root Beer,,,,
Cactus Cooler,,,,
Canada Dry,,,,
Canfield's Diet Chocolate Fudge,,,,
Crush,,,,
Dr Pepper,,,,
Floats,,,,
Gini,,,,
Hawaiian Punch,,,,
Hires Root Beer,,,,
IBC Root Beer,,,,
Orangina,,,,
RC Cola,,,,
Ricqlès,,,,
Schweppes,,,,
Squirt,,,,
Stewart's Fountain Classics,,,,
Sun Drop,,,,
Sunkist,,,,
Sussex Golden,,,,
Venom Energy,,,,
Vernors,,,,
Wink,,,,
Ale-8-One,,,,
Barr,,,,
Bawls,,,,
Big Red (soft drink),,,,
Cheerwine,,,,
Dr Brown's,,,,
Irn-Bru,,,,
Jarritos,,,,
Jones Soda,,,,
Julebrus,,,,
Julmust,,,,
Kinnie,,,,
Lucozade,,,,
Monster Energy,,,,
Full Throttle,,,,
Moxie,,,,
Nehi,,,,
Orangina,,,,
Oronamin C Drink,,,,
Pocari Sweat,,,,
Rockstar Energy,,,,
Sangria Señorial,,,,
Sidral Mundet,,,,
Sodastream,,,,
Sosyo,,,,
Tizer,,,,