Acai,,,,
Acai Berry,,,,
Acai Blueberry Pomegranate,,,,
Acai Cherry,,,,
Acerola,,,,
Acerola Cherry,,,,
Agave,,,,
Almond,,,,
Almond Cream,,,,
"Almond, Chocolate",,,,
"Almond, Roasted",,,,
"Almond, Toasted",,,,
Aloe Vera,,,,
Amaretto,,,,
Anise,,,,
Apple,,,,
Apple Cider,,,,
Apple Cinnamon,,,,
Apple Pie,,,,
"Apple, Baked",,,,
"Apple, Caramel",,,,
Appletini,,,,
Apricot,,,,
Apricot Chili,,,,
Apricot Mango,,,,
Apricot Peach,,,,
Arroz con Leche (Rice Milk Type),,,,
Artichoke,,,,
Banana,,,,
Banana Cream Pie,,,,
Banana Foster,,,,
Banana Nut,,,,
Bergamot,,,,
Berries n' Cream,,,,
Berry Blue,,,,
Berry Cherry,,,,
Berry Citrus,,,,
Berry Kiwi,,,,
Berry Lemon,,,,
Berry Mint,,,,
Berry Punch,,,,
"Berry Rooibos, Red",,,,
"Berry, Dragon",,,,
"Berry, Goji",,,,
"Berry, Mixed",,,,
"Berry, Noni",,,,
"Berry, Wild",,,,
Birthday Cake,,,,
"Biscotti, Chocolate Orange",,,,
Bitter Masking,,,,
Bitter Neutralizer,,,,
Black Cherry,,,,
Black Currant,,,,
Black Forest,,,,
Black Pepper,,,,
Black Raspberry,,,,
Black Tea,,,,
Blackberry,,,,
Blood Orange,,,,
Blood Orange Chocolate,,,,
Blood Orange Cranberry,,,,
Blue Raspberry,,,,
Blueberry,,,,
Blueberry Cobbler,,,,
Blueberry Pomegranate,,,,
Blueberry Pomegranate Acai,,,,
Boysenberry,,,,
Brandy,,,,
Brown,,,,
Brown Note,,,,
Brown Sugar Maple,,,,
Bubble Gum,,,,
Buffalo Wing Type,,,,
Burnt Butter Pecan,,,,
Burnt Sugar,,,,
Butter,,,,
Butter Caramel,,,,
Butter Cream,,,,
Butter Onion Garlic,,,,
Butter Pecan,,,,
Butter Rum,,,,
Butter Toffee,,,,
Butter Vanilla,,,,
"Butter, Caramelized",,,,
"Butter, Sauteed",,,,
Buttered Popcorn,,,,
Butterfinger Type,,,,
Buttermilk,,,,
Butterscotch,,,,
Buttery Graham,,,,
Cactus,,,,
Cajun,,,,
"Cake, Varieties",,,,
Calamansi (Tangerine-Kumquat),,,,
Cannoli,,,,
Cantaloupe,,,,
"Cappuccino, Various & Combinations",,,,
Caramel,,,,
Caramel Apple,,,,
Caramel Butter,,,,
Caramel Cluster,,,,
"Caramel, Nutty",,,,
"Caramel, Vanilla",,,,
Caramelized,,,,
Caramelized Butter,,,,
Caribbean Jerked,,,,
Carrot,,,,
Carrot Cake,,,,
Cashew,,,,
Celery,,,,
Chai,,,,
Chai Tea,,,,
"Chai, Cinnamon Vanilla",,,,
Chamomile,,,,
Cheese & Chipotle,,,,
Cheese & Herb,,,,
Cheese & Jalapeno,,,,
Cheesecake,,,,
Cherry (various),,,,
Cherry Berry,,,,
Cherry Mint,,,,
Cherry Pepto Bismol Type,,,,
Cherry Pie,,,,
Cherry Pomegranate,,,,
Chili,,,,
Chipotle,,,,
Chocolate,,,,
Chocolate Almond,,,,
Chocolate Blood Orange,,,,
Chocolate Cinnamon,,,,
Chocolate English Toffee,,,,
Chocolate Macaroon,,,,
Chocolate Malt,,,,
Chocolate Marshmallow Graham,,,,
Chocolate Mint,,,,
Chocolate Mousse,,,,
Chocolate Orange Biscotti,,,,
Chocolate Strawberry,,,,
Chocolate Toffee,,,,
"Chocolate, Dark",,,,
"Chocolate, Fudge",,,,
"Chocolate, Milk",,,,
"Chocolate, White",,,,
"Chocolate, White Caramel",,,,
Chrysanthemum,,,,
Cilantro,,,,
Cinnamint,,,,
Cinnamon,,,,
Cinnamon Chocolate,,,,
Cinnamon Graham,,,,
Cinnamon Honey,,,,
Cinnamon Orange Spice,,,,
Cinnamon Pear,,,,
Cinnamon Pie,,,,
Cinnamon Roll,,,,
Cinnamon Spice,,,,
Cinnamon Toast Crunch Type,,,,
Cinnamon Vanilla Chai,,,,
Cinnamon Vanilla Cream,,,,
Citrus Punch,,,,
"Citrus, Berry",,,,
Clementine,,,,
Clove,,,,
Clove Leaf,,,,
"Cobbler, Apple",,,,
"Cobbler, Blueberry",,,,
"Cobbler, Cherry",,,,
"Cobbler, Peach",,,,
Coconut,,,,
Coconut Cream,,,,
Coconut Lime,,,,
"Coconut, Toasted",,,,
Coffee (various),,,,
Cointreau Type,,,,
Cola,,,,
Cookie Dough,,,,
"Cookie, Various",,,,
Cookies n' Cream,,,,
Cooling,,,,
Cooling Mint,,,,
Corn,,,,
"Corn, Kettle",,,,
Cosmopolitan Type,,,,
Cotton Candy,,,,
Cranberry,,,,
Cranberry Blood Orange,,,,
Cranberry Hibiscus,,,,
Cranberry Raisin,,,,
Cream,,,,
Cream Butter,,,,
Cream Coconut,,,,
Cream de Menthe,,,,
"Cream, Various & Combinations",,,,
Creamy Mint,,,,
Creamy Pear,,,,
Creme Brulee,,,,
Cucumber,,,,
Cucumber Lime,,,,
Cucumber Mojito,,,,
"Currant, Black",,,,
Curry,,,,
Custard,,,,
Darjeeling Type Tea,,,,
Date,,,,
Devils Food Cake,,,,
Dill,,,,
"Donut, Glazed",,,,
"Donut, Various",,,,
Dragon Berry,,,,
Dragon Fruit,,,,
Dulce de Leche,,,,
Durian,,,,
Earl Grey Tea,,,,
Egg,,,,
Elder Flower,,,,
"Energy Drink Type, Various",,,,
English Toffee,,,,
English Toffee Chocolate,,,,
Espresso,,,,
Eucalyptus,,,,
"Extender, Sweet",,,,
"Extenders, Various & Combinations",,,,
Fig,,,,
"Flower, Various",,,,
French Toast,,,,
French Vanilla,,,,
Froot Loop Type,,,,
Fruit Combos,,,,
Fruit Punch,,,,
"Fruit, Dragon",,,,
"Fruit, Various",,,,
Fudge,,,,
Gardenia,,,,
German Chocolate Cake,,,,
Ginger,,,,
Ginger Lychee,,,,
Ginger Pineapple,,,,
"Ginger, Pear",,,,
Gingerbread,,,,
Glazed Donut,,,,
Goji Berry,,,,
Goji Raspberry,,,,
Graham,,,,
Graham Marshmallow,,,,
"Graham, Buttery",,,,
"Graham, Cinnamon",,,,
"Graham, Honey",,,,
Grand Marnier Type,,,,
Grape (various),,,,
Grapefruit,,,,
Grapefruit Pineapple,,,,
Green Apple,,,,
Green Tea,,,,
Guacamole,,,,
Guanabana,,,,
Guava,,,,
Hawaiian Punch Type,,,,
Hazelnut,,,,
Hemp Type,,,,
Hibiscus,,,,
"Hibiscus, Various",,,,
Hickory,,,,
Honey,,,,
Honey Cinnamon,,,,
Honey Graham,,,,
Honey Tangerine,,,,
Honey-Nut,,,,
Honeydew,,,,
Horchata,,,,
Horehound,,,,
Horseradish,,,,
Irish Cream,,,,
Island Punch,,,,
Italian Cream Cake,,,,
Jackfruit,,,,
Jalapeno,,,,
Jamaica de Rosa,,,,
Jasmine,,,,
Jelly & Peanut Butter,,,,
"Juice, Various",,,,
Kaffir Lime,,,,
Kettle Corn,,,,
Key Lime,,,,
Kiwi,,,,
Kiwi Berry,,,,
Kiwi Melon,,,,
Kiwi Strawberry,,,,
Kola,,,,
Kumquat,,,,
Lavender,,,,
Lavender Lemonade,,,,
Lavender Vanilla Bean,,,,
Lemon,,,,
Lemon Berry,,,,
Lemon Green Tea,,,,
Lemon Tarragon,,,,
Lemon Zest,,,,
Lemon-Lime,,,,
Lemonade (various),,,,
"Lemonade, Pink",,,,
"Lemonade, Raspberry",,,,
Lemongrass,,,,
Licorice,,,,
Lime,,,,
Lime Cucumber,,,,
"Lime, Kaffir",,,,
Limequat,,,,
Loquat,,,,
Lychee,,,,
Lychee Ginger,,,,
Macadamia,,,,
"Macaroon, Chocolate",,,,
Mai Tai Type,,,,
"Malt, Various",,,,
Mamay,,,,
Mandarin Orange,,,,
Mango,,,,
Mango Orange,,,,
Mango Passion Fruit,,,,
Mango Peach,,,,
Mango Peach Twist,,,,
Mango Pineapple,,,,
Mango Tangerine,,,,
Mangosteen,,,,
Mangosteen Peach,,,,
Maple,,,,
"Margarita Type, Various",,,,
Marionberry,,,,
Marshmallow,,,,
Marshmallow Graham,,,,
Marshmallow Graham Chocolate,,,,
"Marshmallow, Toasted",,,,
Marzapan Type,,,,
"Masking, Bitter",,,,
"Masking, Off note",,,,
"Masking, Sweet",,,,
"Masking, Various & Combinations",,,,
Melon Kiwi,,,,
"Melon, Honeydew",,,,
"Melon, Various",,,,
Melona Type,,,,
Menthol,,,,
Mesquite,,,,
"Milk, Various and Combinations",,,,
Milkshake (various),,,,
Mimosa Type,,,,
Mint (various),,,,
Mint Cherry,,,,
"Mint, Cooling",,,,
"Mint, Creamy",,,,
"Mint, Peach",,,,
"Mint, Pear",,,,
"Mint, Spring",,,,
Mocha,,,,
"Mojito, Cucumber",,,,
Molasses,,,,
"Mousse, Various",,,,
Mushroom,,,,
Mustard,,,,
No Diacetyl-Added Butter,,,,
Noni,,,,
Noni Berry,,,,
"Nut, Mixed",,,,
Nutmeg,,,,
Nutty Caramel,,,,
Oatmeal,,,,
Orange,,,,
Orange Chocolate Biscotti,,,,
Orange Cream,,,,
Orange Flower,,,,
Orange Juice,,,,
Orange Mango,,,,
Orange Pineapple,,,,
Orange Sherbet Type,,,,
Orange Sorbet Type,,,,
Orange Spice,,,,
"Orange Spice, Cinnamon",,,,
Orange Zest,,,,
"Orange, Blood",,,,
"Orange, Mandarin",,,,
"Orange, Valencia",,,,
Oreo Cream Type,,,,
Papaya,,,,
Passion Fruit,,,,
Passion Fruit Mango,,,,
Passion Fruit Peach,,,,
Peach,,,,
Peach Apricot,,,,
Peach Cobbler,,,,
Peach Mango,,,,
Peach Mango Twist,,,,
Peach Mangosteen,,,,
Peach Mint,,,,
Peach Passion Fruit,,,,
"Peach, White",,,,
Peaches n' Cream,,,,
Peanut,,,,
Peanut Butter,,,,
Peanut Butter & Jelly,,,,
Peanut Butter Cookie,,,,
Pear,,,,
Pear Cinnamon,,,,
Pear Ginger,,,,
Pear Mint,,,,
"Pear, Creamy",,,,
"Pear, Prickly",,,,
Pecan,,,,
"Pecan, Burnt Butter",,,,
"Pecan, Butter",,,,
Peppermint,,,,
Peppers (various),,,,
"Pepto Bismol Type, Cherry",,,,
Persimmon,,,,
Pickle,,,,
Pie,,,,
"Pie, Pumpkin",,,,
"Pie, Varieties",,,,
Pina Colada,,,,
Pina Vanilla,,,,
Pineapple,,,,
Pineapple Ginger,,,,
Pineapple Grapefruit,,,,
Pineapple Mango,,,,
Pineapple Orange,,,,
"Pineapple, Roasted",,,,
Pink Lemonade,,,,
Pink Rose,,,,
Pistachio,,,,
Plum,,,,
Pomegranate,,,,
Pomegranate Acai,,,,
Pomegranate Blueberry,,,,
Pomegranate Cherry,,,,
Pomegranate Combinations,,,,
Pomelo,,,,
Popcorn,,,,
Praline,,,,
Praline n' Cream,,,,
Prickly Pear,,,,
"Pudding, Rice Type",,,,
Pumpkin,,,,
Pumpkin Pie,,,,
Pumpkin Spice,,,,
"Punch, Berry",,,,
"Punch, Hawaiian Type",,,,
"Punch, Island",,,,
"Punch, Strawberry",,,,
"Punch, Various",,,,
Raisin,,,,
Raisin Cranberry,,,,
Rambutan Type,,,,
Ranch,,,,
Raspberry,,,,
Raspberry Goji,,,,
Raspberry Lemonade,,,,
"Raspberry, Blue",,,,
Razzleberry,,,,
Red Bull,,,,
Red Tea (Rooibos),,,,
Red Velvet Cake,,,,
Red Vine Type,,,,
Rhubarb,,,,
Rice Milk Type,,,,
Rice Pudding Type,,,,
Roasted,,,,
Romano Cheese,,,,
Root Beer,,,,
Rose,,,,
Rose Hip,,,,
"Rose, Pink",,,,
Rum,,,,
"Rum, Butter",,,,
Sangria Type,,,,
Sasparilla,,,,
Sauteed Butter,,,,
Sesame,,,,
"Sherbet, Various",,,,
Smores,,,,
Snickerdoodle Type,,,,
"Sorbet, Various",,,,
Soursop,,,,
Spearmint,,,,
Spring Mint,,,,
Spumoni,,,,
Starfruit,,,,
Strawberry,,,,
Strawberry Chocolate,,,,
Strawberry Kiwi,,,,
Strawberry Punch,,,,
Sugar Cookie,,,,
Sweet Potato,,,,
"Sweetness Enhancer, Various",,,,
Tabasco Pepper Type,,,,
Tahini Type,,,,
Tamarind,,,,
Tangerine,,,,
Tangerine Mango,,,,
Taro,,,,
Tarragon Lemon,,,,
Tayberry,,,,
"Tea, Black",,,,
"Tea, Darjeeling Type",,,,
"Tea, Earl Grey",,,,
"Tea, Green",,,,
"Tea, Lemon Green",,,,
"Tea, Red Rooibos",,,,
"Tea, White",,,,
Tequila,,,,
Tequila Lime,,,,
Tiramisu,,,,
Toasted Coconut,,,,
Toasted Marshmallow,,,,
Toffee,,,,
"Toffee, Butter",,,,
"Toffee, English",,,,
Tomato,,,,
Tomato Basil,,,,
Tres Leche,,,,
Tropical Blends,,,,
Tropical Fruits (various),,,,
Tropical Punch,,,,
"Truffle, White",,,,
Tutti Fruitti,,,,
Valencia Orange,,,,
Vanilla (various),,,,
Vanilla Bean,,,,
Vanilla Butter,,,,
Vanilla Caramel,,,,
"Vanilla Cream, Cinnamon",,,,
Vanilla Pina,,,,
Vinegar,,,,
Violet,,,,
Waffle Cone,,,,
Walnut,,,,
Watermelon,,,,
White Cake,,,,
White Chocolate,,,,
White Chocolate Caramel,,,,
White Cloud Type,,,,
White Peach,,,,
White Tea,,,,
White Truffle,,,,
Wildberry,,,,
Wintergreen,,,,
Yellow Cake,,,,
Yerba Mate,,,,
"Yogurt, Various and Combinations",,,,
Yumberry,,,,
Yuzu,,,,